{"Acc/train_top1":99.89614803625378,"_runtime":51216.677134796,"Acc/val_top1":97.04861111111111,"Acc/val_top5":97.39583333333334,"_wandb":{"runtime":51216},"epoch_time_s":525.6035785675049,"_timestamp":1.78169364332803e+09,"_step":83,"Loss/val":1.1527470880084567,"LR":0.0002628642242979768,"Loss/train":0.9942126437976642,"best_val_top1":97.39583333333334}