{"Acc/train_top1":99.46185800604229,"_timestamp":1.7816415209663131e+09,"Loss/train":1.0380542678055087,"LR":0.0003484101076468953,"Loss/val":1.3229845497343276,"_runtime":8561.098983948,"Acc/val_top1":94.09722222222221,"epoch_time_s":134.76834678649902,"best_val_top1":94.27083333333334,"_step":66,"Acc/val_top5":96.18055555555556,"_wandb":{"runtime":8561}}