{"Acc/train_top1":99.67900302114803,"_wandb":{"runtime":91851},"epoch_time_s":974.1507441997528,"_runtime":91851.691866039,"LR":0.00025249999999999985,"Acc/val_top5":96.35416666666666,"_timestamp":1.7819136349869483e+09,"Acc/val_top1":93.75,"Loss/train":1.1298039078352315,"Loss/val":1.3716772728496127,"best_val_top1":94.27083333333334,"_step":85}